,First Name,Sex,Email,Phone,Job Title
0,Shelby,Male,elijah57@example.net,001-084-906-7849x73518,Games developer
1,Phillip,Female,bethany14@example.com,214.112.6044x4913,Phytotherapist
2,Kristine,Male,bthompson@example.com,277.609.7938,Homeopath
3,Yesenia,Male,kaitlinkaiser@example.com,584.094.6111,Market researcher
4,Lori,Male,buchananmanuel@example.net,689-207-3558x7233,Veterinary surgeon
5,Erin,Male,tconner@example.org,001-171-649-9856x5553,Waste management officer
6,Katherine,Female,conniecowan@example.com,+1-773-151-6685x49162,Intelligence analyst
7,Ricardo,Male,wyattbishop@example.com,001-447-699-7998x88612,Hydrogeologist
8,Dave,Male,nmccann@example.net,603-428-2429x27392,Lawyer
9,Isaiah,Male,virginiaterrell@example.org,+1-511-372-1544x8206,"Engineer, site"
10,Sheila,Female,huangcathy@example.com,895.881.4746,Advertising account executive
11,Stacy,Male,rayleroy@example.org,710.673.3213x80335,Warden/ranger
12,Mandy,Male,jefferynoble@example.org,(992)466-1305x4947,"Scientist, clinical (histocompatibility and immunogenetics)"
13,Bridget,Female,mercedes44@example.com,(216)627-8359,Social worker
14,Crystal,Male,pmiranda@example.org,+1-024-377-5391,Agricultural consultant
15,Thomas,Female,braunpriscilla@example.net,+1-360-880-0766,Sport and exercise psychologist
16,Maurice,Male,sheenabanks@example.com,(246)187-4969,Secretary/administrator
17,Frank,Male,gbrewer@example.org,429.965.3902x4447,Audiological scientist
18,Alvin,Male,gilbertdonaldson@example.com,219.436.0887x07551,"Teacher, adult education"
19,Jared,Female,jcortez@example.com,+1-958-849-6781,Paediatric nurse
20,Jacqueline,Female,carias@example.net,819.309.7679x59173,"Scientist, marine"
21,Colleen,Female,fknox@example.org,638.584.1090,Commercial horticulturist
22,Randy,Male,huangbill@example.org,001-960-629-7164x67214,Outdoor activities/education manager
23,Janice,Female,juarezdominique@example.net,001-249-314-9742x6996,Drilling engineer
24,Alfred,Female,cassandramorris@example.com,(468)276-9509x53058,Systems analyst
25,Sean,Male,sallymiller@example.net,4915828504,"Conservation officer, nature"
26,Louis,Male,bsullivan@example.net,6232695307,Counsellor
27,Brittney,Female,ayalajose@example.net,945-739-8686,Recycling officer
28,Judy,Male,irosales@example.net,001-654-208-1241x52830,Art gallery manager
29,Norman,Male,mconrad@example.com,223.002.0429,Gaffer
30,Isaiah,Female,jimblake@example.org,001-536-544-3367,Food technologist
31,Jacqueline,Male,nsampson@example.net,(247)762-8934,Building services engineer
32,Bonnie,Female,caitlin24@example.net,+1-253-987-2776x9161,Seismic interpreter
33,Brandon,Female,mconley@example.net,+1-386-673-1465x006,"Engineer, biomedical"
34,Jackson,Female,reynoldsdarryl@example.net,(137)908-3129x65035,Set designer
35,Melody,Male,jeannovak@example.org,(826)792-7381,Research scientist (life sciences)
36,Leonard,Male,clinton78@example.org,941-038-0427x38800,"Accountant, chartered management"
37,Gene,Female,luisdeleon@example.org,+1-356-818-6604x89537,"Surveyor, quantity"
38,Cynthia,Female,rosariodave@example.org,(110)858-2437x70190,Outdoor activities/education manager
39,Tanya,Female,vickihouston@example.com,(830)774-9002x086,Information systems manager
40,Matthew,Female,evelyn31@example.org,952-381-6360,"Scientist, clinical (histocompatibility and immunogenetics)"
41,Kirk,Female,stephenfuller@example.org,001-826-496-5529x8661,Accounting technician
42,Willie,Female,haleymathews@example.net,741.168.6854x067,Management consultant
43,Miguel,Female,tyrone56@example.org,5247842945,Make
44,Darren,Male,lhernandez@example.com,(975)799-4261,Retail banker
45,Haley,Female,molly03@example.org,(746)182-6137x2453,Commissioning editor
46,Danielle,Female,jvang@example.org,(890)374-9518x772,"Accountant, chartered management"
47,Becky,Male,erikmueller@example.org,(390)002-0863,Seismic interpreter
48,Caitlyn,Male,rivasdominique@example.org,805-021-3965x46344,Jewellery designer
49,Joshua,Male,daisymcgee@example.net,875.994.2100x535,"Education officer, museum"
50,Heidi,Female,staffordtravis@example.net,601-155-3065x1131,Estate manager/land agent
51,Brian,Female,saralong@example.net,952-283-1423x733,Physiotherapist
52,Beverly,Female,iphelps@example.net,+1-327-578-8754x6771,Passenger transport manager
53,Nathaniel,Female,roberto29@example.com,(655)887-2040x37888,Call centre manager
54,Debra,Female,yolanda07@example.org,001-731-525-8400x52593,Special educational needs teacher
55,Mackenzie,Female,abbottyvette@example.net,4225525458,Museum/gallery exhibitions officer
56,Courtney,Female,ochang@example.org,210.683.2761x5883,Pension scheme manager
57,Fred,Female,amyanderson@example.com,497-774-3053,Archaeologist
58,Ryan,Female,qnorman@example.org,956.330.2951,Historic buildings inspector/conservation officer
59,Grace,Male,clarkeangela@example.net,(034)867-8827x6777,Petroleum engineer
60,Shari,Male,kalvarado@example.org,001-951-655-4798x6124,Curator
61,Kelli,Male,jodyvincent@example.org,995.000.4213x0982,Retail banker
62,Jackie,Male,hutchinsonkirk@example.com,001-740-937-0846x0087,Neurosurgeon
63,Leslie,Female,floreschristina@example.org,795.782.4384x555,Chiropractor
64,Harold,Female,nathan65@example.org,+1-026-265-6392,"Biochemist, clinical"
65,Larry,Male,maria32@example.org,+1-244-630-3792x4121,"Scientist, water quality"
66,Mike,Female,imccullough@example.com,116-729-5046,Hydrologist
67,Brittney,Female,corey92@example.com,593.976.2528,"Biochemist, clinical"
68,Frank,Male,daltoncalvin@example.net,(035)961-5060x9182,Hospital pharmacist
69,Sandra,Male,ubanks@example.com,+1-096-606-6454x067,Warehouse manager
70,Ryan,Male,lopezdebbie@example.org,+1-695-557-9948x485,Physiological scientist
71,Tamara,Male,meagan39@example.net,017.665.3744x7944,English as a second language teacher
72,Jean,Female,kristina76@example.com,(954)060-1066,Financial trader
73,Veronica,Female,weissbridget@example.com,+1-521-589-2387x48490,Structural engineer
74,Kim,Female,wpetersen@example.org,7677125383,"Biochemist, clinical"
75,Tina,Male,wongmary@example.org,079-907-5051,Race relations officer
76,Jonathon,Male,gailfrench@example.net,874-037-2032x932,"Psychologist, forensic"
77,Jermaine,Female,vpaul@example.com,(742)214-8691,Newspaper journalist
78,Regina,Male,xpoole@example.net,891-359-2684,Public house manager
79,Terrence,Male,cassandra80@example.org,221.800.6408x5416,Careers information officer
80,Tyler,Female,johnathan72@example.org,001-386-469-3075x8030,Economist
81,Andrew,Male,nhall@example.net,+1-376-865-2765x3351,Jewellery designer
82,Reginald,Male,erikaball@example.net,+1-832-500-6044x475,Contracting civil engineer
83,Douglas,Female,nixonvanessa@example.net,001-834-660-8312x9864,Higher education lecturer
84,Helen,Female,melvin08@example.net,001-377-726-4229,"Lecturer, further education"
85,Mario,Male,oblake@example.com,160-144-5039x12276,Research scientist (life sciences)
86,Chelsea,Male,johnnyhendricks@example.net,001-698-651-0138x18588,"Teacher, early years/pre"
87,Dustin,Male,pbarron@example.net,+1-965-621-1157x345,Travel agency manager
88,Harry,Female,olsenmalik@example.net,+1-451-099-5805,Technical sales engineer
89,Kathy,Female,teresa37@example.com,(164)105-8456,Charity fundraiser
90,Alison,Female,zmiles@example.net,3506680871,Patent attorney
91,Jamie,Female,sheenadouglas@example.com,(900)803-9295x11533,"Conservator, furniture"
92,Melody,Female,evan90@example.org,(626)520-5080x3511,Dance movement psychotherapist
93,Xavier,Male,nicolas90@example.org,8164259975,Financial planner
94,Dillon,Female,angelanavarro@example.net,971-992-4521,Air broker
95,Dennis,Female,bmartin@example.org,001-095-524-2112x257,Software engineer
96,Steve,Female,latasha46@example.net,001-865-478-5157,Barrister
97,Wesley,Male,regina11@example.org,995-542-3004x76800,Police officer
98,Summer,Female,alexiscantrell@example.org,001-273-685-6932x092,Broadcast journalist
99,Mariah,Male,pcopeland@example.org,(341)594-6554x44657,IT sales professional
